"Hours since thread went live","Loop 7-kaime no Akuyaku Reijou wa, Moto Tekikoku de Jiyuu Kimama na Hanayome Seikatsu wo Mankitsu suru • 7th Time Loop: The Villainess Enjoys a Carefree Life Married to Her Worst Enemy! - Episode 11 discussion"
0,1
0.08333333333333333,4
0.16666666666666666,3
0.25,4
0.3333333333333333,6
0.4166666666666667,8
0.5,15
0.5833333333333334,20
0.6666666666666666,22
0.75,30
0.8333333333333334,44
0.9166666666666666,46
1,48
1.0833333333333333,53
1.1666666666666667,59
1.25,61
1.3333333333333333,64
1.4166666666666667,69
1.5,74
1.5833333333333333,77
1.6666666666666667,86
1.75,92
1.8333333333333333,102
1.9166666666666667,113
2,112
2.0833333333333335,113
2.1666666666666665,121
2.25,125
2.3333333333333335,128
2.4166666666666665,131
2.5,142
2.5833333333333335,146
2.6666666666666665,146
2.75,150
2.8333333333333335,153
2.9166666666666665,156
3,160
3.0833333333333335,169
3.1666666666666665,172
3.25,173
3.3333333333333335,180
3.4166666666666665,184
3.5,184
3.5833333333333335,189
3.6666666666666665,195
3.75,195
3.8333333333333335,204
3.9166666666666665,203
4,211
4.083333333333333,215
4.166666666666667,217
4.25,212
4.333333333333333,215
4.416666666666667,223
4.5,227
4.583333333333333,230
4.666666666666667,232
4.75,241
4.833333333333333,246
4.916666666666667,250
5,254
5.083333333333333,260
5.166666666666667,271
5.25,268
5.333333333333333,271
5.416666666666667,274
5.5,279
5.583333333333333,284
5.666666666666667,285
5.75,290
5.833333333333333,290
5.916666666666667,296
6,299
6.083333333333333,302
6.166666666666667,298
6.25,305
6.333333333333333,304
6.416666666666667,311
6.5,318
6.583333333333333,318
6.666666666666667,321
6.75,324
6.833333333333333,322
6.916666666666667,330
7,335
7.083333333333333,332
7.166666666666667,340
7.25,341
7.333333333333333,345
7.416666666666667,346
7.5,351
7.583333333333333,348
7.666666666666667,357
7.75,354
7.833333333333333,356
7.916666666666667,359
8,368
8.083333333333334,367
8.166666666666666,364
8.25,365
8.333333333333334,373
8.416666666666666,370
8.5,374
8.583333333333334,377
8.666666666666666,379
8.75,381
8.833333333333334,384
8.916666666666666,383
9,385
9.083333333333334,383
9.166666666666666,387
9.25,388
9.333333333333334,391
9.416666666666666,396
9.5,388
9.583333333333334,396
9.666666666666666,400
9.75,398
9.833333333333334,399
9.916666666666666,408
10,401
10.083333333333334,409
10.166666666666666,409
10.25,412
10.333333333333334,416
10.416666666666666,413
10.5,410
10.583333333333334,413
10.666666666666666,418
10.75,416
10.833333333333334,418
10.916666666666666,417
11,416
11.083333333333334,424
11.166666666666666,430
11.25,424
11.333333333333334,421
11.416666666666666,429
11.5,431
11.583333333333334,435
11.666666666666666,435
11.75,430
11.833333333333334,428
11.916666666666666,431
12,435
12.083333333333334,438
12.166666666666666,434
12.25,431
12.333333333333334,434
12.416666666666666,443
12.5,439
12.583333333333334,443
12.666666666666666,446
12.75,443
12.833333333333334,445
12.916666666666666,448
13,452
13.083333333333334,457
13.166666666666666,452
13.25,448
13.333333333333334,457
13.416666666666666,459
13.5,464
13.583333333333334,464
13.666666666666666,463
13.75,467
13.833333333333334,461
13.916666666666666,468
14,467
14.083333333333334,463
14.166666666666666,467
14.25,470
14.333333333333334,468
14.416666666666666,474
14.5,468
14.583333333333334,471
14.666666666666666,472
14.75,473
14.833333333333334,474
14.916666666666666,479
15,476
15.083333333333334,481
15.166666666666666,484
15.25,479
15.333333333333334,486
15.416666666666666,484
15.5,486
15.583333333333334,488
15.666666666666666,488
15.75,487
15.833333333333334,483
15.916666666666666,484
16,488
16.083333333333332,490
16.166666666666668,490
16.25,494
16.333333333333332,486
16.416666666666668,488
16.5,497
16.583333333333332,489
16.666666666666668,489
16.75,494
16.833333333333332,495
16.916666666666668,498
17,497
17.083333333333332,497
17.166666666666668,505
17.25,495
17.333333333333332,502
17.416666666666668,500
17.5,501
17.583333333333332,507
17.666666666666668,510
17.75,501
17.833333333333332,508
17.916666666666668,502
18,508
18.083333333333332,507
18.166666666666668,508
18.25,509
18.333333333333332,507
18.416666666666668,510
18.5,508
18.583333333333332,512
18.666666666666668,511
18.75,514
18.833333333333332,512
18.916666666666668,508
19,513
19.083333333333332,513
19.166666666666668,515
19.25,516
19.333333333333332,518
19.416666666666668,521
19.5,519
19.583333333333332,517
19.666666666666668,519
19.75,524
19.833333333333332,520
19.916666666666668,523
20,515
20.083333333333332,531
20.166666666666668,521
20.25,524
20.333333333333332,528
20.416666666666668,527
20.5,527
20.583333333333332,528
20.666666666666668,532
20.75,528
20.833333333333332,527
20.916666666666668,527
21,528
21.083333333333332,534
21.166666666666668,527
21.25,531
21.333333333333332,529
21.416666666666668,534
21.5,529
21.583333333333332,538
21.666666666666668,532
21.75,538
21.833333333333332,537
21.916666666666668,539
22,535
22.083333333333332,541
22.166666666666668,540
22.25,534
22.333333333333332,542
22.416666666666668,539
22.5,543
22.583333333333332,538
22.666666666666668,537
22.75,541
22.833333333333332,538
22.916666666666668,540
23,541
23.083333333333332,542
23.166666666666668,538
23.25,545
23.333333333333332,541
23.416666666666668,546
23.5,544
23.583333333333332,536
23.666666666666668,538
23.75,545
23.833333333333332,540
23.916666666666668,543
24,547
24.083333333333332,550
24.166666666666668,545
24.25,546
24.333333333333332,544
24.416666666666668,546
24.5,549
24.583333333333332,551
24.666666666666668,546
24.75,547
24.833333333333332,550
24.916666666666668,551
25,556
25.083333333333332,556
25.166666666666668,547
25.25,552
25.333333333333332,549
25.416666666666668,551
25.5,550
25.583333333333332,556
25.666666666666668,561
25.75,558
25.833333333333332,558
25.916666666666668,560
26,556
26.083333333333332,562
26.166666666666668,560
26.25,557
26.333333333333332,554
26.416666666666668,559
26.5,554
26.583333333333332,557
26.666666666666668,564
26.75,562
26.833333333333332,558
26.916666666666668,559
27,559
27.083333333333332,561
27.166666666666668,558
27.25,556
27.333333333333332,558
27.416666666666668,566
27.5,561
27.583333333333332,563
27.666666666666668,561
27.75,564
27.833333333333332,564
27.916666666666668,561
28,558
28.083333333333332,567
28.166666666666668,567
28.25,567
28.333333333333332,561
28.416666666666668,561
28.5,568
28.583333333333332,559
28.666666666666668,570
28.75,560
28.833333333333332,563
28.916666666666668,567
29,564
29.083333333333332,564
29.166666666666668,560
29.25,568
29.333333333333332,569
29.416666666666668,572
29.5,568
29.583333333333332,560
29.666666666666668,570
29.75,562
29.833333333333332,569
29.916666666666668,570
30,564
30.083333333333332,568
30.166666666666668,567
30.25,566
30.333333333333332,566
30.416666666666668,563
30.5,568
30.583333333333332,570
30.666666666666668,572
30.75,568
30.833333333333332,570
30.916666666666668,575
31,568
31.083333333333332,570
31.166666666666668,577
31.25,578
31.333333333333332,572
31.416666666666668,578
31.5,572
31.583333333333332,572
31.666666666666668,575
31.75,575
31.833333333333332,576
31.916666666666668,566
32,568
32.083333333333336,577
32.166666666666664,572
32.25,577
32.333333333333336,576
32.416666666666664,572
32.5,574
32.583333333333336,573
32.666666666666664,572
32.75,572
32.833333333333336,573
32.916666666666664,570
33,572
33.083333333333336,573
33.166666666666664,569
33.25,573
33.333333333333336,569
33.416666666666664,571
33.5,580
33.583333333333336,573
33.666666666666664,576
33.75,576
33.833333333333336,579
33.916666666666664,580
34,575
34.083333333333336,573
34.166666666666664,573
34.25,578
34.333333333333336,581
34.416666666666664,574
34.5,574
34.583333333333336,575
34.666666666666664,580
34.75,574
34.833333333333336,575
34.916666666666664,581
35,574
35.083333333333336,578
35.166666666666664,577
35.25,581
35.333333333333336,576
35.416666666666664,572
35.5,574
35.583333333333336,578
35.666666666666664,572
35.75,577
35.833333333333336,574
35.916666666666664,571
36,575
36.083333333333336,578
36.166666666666664,578
36.25,574
36.333333333333336,577
36.416666666666664,574
36.5,578
36.583333333333336,579
36.666666666666664,579
36.75,579
36.833333333333336,578
36.916666666666664,579
37,579
37.083333333333336,578
37.166666666666664,573
37.25,575
37.333333333333336,574
37.416666666666664,575
37.5,577
37.583333333333336,576
37.666666666666664,582
37.75,583
37.833333333333336,572
37.916666666666664,579
38,575
38.083333333333336,579
38.166666666666664,579
38.25,577
38.333333333333336,577
38.416666666666664,579
38.5,584
38.583333333333336,584
38.666666666666664,580
38.75,583
38.833333333333336,577
38.916666666666664,582
39,583
39.083333333333336,585
39.166666666666664,581
39.25,582
39.333333333333336,582
39.416666666666664,586
39.5,585
39.583333333333336,583
39.666666666666664,579
39.75,577
39.833333333333336,582
39.916666666666664,579
40,581
40.083333333333336,578
40.166666666666664,585
40.25,575
40.333333333333336,584
40.416666666666664,586
40.5,581
40.583333333333336,578
40.666666666666664,581
40.75,583
40.833333333333336,587
40.916666666666664,583
41,579
41.083333333333336,583
41.166666666666664,585
41.25,587
41.333333333333336,576
41.416666666666664,583
41.5,586
41.583333333333336,584
41.666666666666664,582
41.75,578
41.833333333333336,582
41.916666666666664,579
42,581
42.083333333333336,585
42.166666666666664,584
42.25,577
42.333333333333336,584
42.416666666666664,576
42.5,583
42.583333333333336,586
42.666666666666664,584
42.75,583
42.833333333333336,579
42.916666666666664,583
43,578
43.083333333333336,582
43.166666666666664,581
43.25,585
43.333333333333336,583
43.416666666666664,582
43.5,584
43.583333333333336,581
43.666666666666664,579
43.75,582
43.833333333333336,586
43.916666666666664,578
44,578
44.083333333333336,583
44.166666666666664,581
44.25,577
44.333333333333336,584
44.416666666666664,581
44.5,582
44.583333333333336,579
44.666666666666664,584
44.75,581
44.833333333333336,578
44.916666666666664,584
45,588
45.083333333333336,581
45.166666666666664,579
45.25,587
45.333333333333336,585
45.416666666666664,585
45.5,583
45.583333333333336,582
45.666666666666664,579
45.75,579
45.833333333333336,583
45.916666666666664,583
46,578
46.083333333333336,582
46.166666666666664,584
46.25,581
46.333333333333336,578
46.416666666666664,584
46.5,583
46.583333333333336,581
46.666666666666664,585
46.75,583
46.833333333333336,589
46.916666666666664,584
47,588
47.083333333333336,586
47.166666666666664,584
47.25,579
47.333333333333336,585
47.416666666666664,583
47.5,583
47.583333333333336,584
47.666666666666664,583
47.75,583
47.833333333333336,585
47.916666666666664,585